timestamp,0
2025-09-01 21:00:00+00:00,10000.0
2025-09-02 21:00:00+00:00,10000.0
2025-09-03 21:00:00+00:00,10000.0
2025-09-04 21:00:00+00:00,10000.0
2025-09-05 21:00:00+00:00,10000.0
2025-09-06 21:00:00+00:00,10000.0
2025-09-07 21:00:00+00:00,10000.0
2025-09-08 21:00:00+00:00,9982.024370513582
2025-09-09 21:00:00+00:00,9876.802750304372
2025-09-10 21:00:00+00:00,9792.306600742433
2025-09-11 21:00:00+00:00,9642.412874581925
2025-09-12 21:00:00+00:00,9663.415152022286
2025-09-13 21:00:00+00:00,9627.45670731379
2025-09-14 21:00:00+00:00,9674.870939717026
2025-09-15 21:00:00+00:00,9696.509649807094
2025-09-16 21:00:00+00:00,9610.591242096532
2025-09-17 21:00:00+00:00,9700.328245705341
2025-09-18 21:00:00+00:00,9917.988211905431
2025-09-21 21:00:00+00:00,9815.840771627318
2025-09-22 21:00:00+00:00,10021.090301158105
2025-09-23 21:00:00+00:00,9966.675309608083
2025-09-24 21:00:00+00:00,10075.187076383274
2025-09-25 21:00:00+00:00,10029.682141929161
2025-09-26 21:00:00+00:00,10018.226354234419
2025-09-27 21:00:00+00:00,10037.63755005051
2025-09-28 21:00:00+00:00,10149.33148007424
2025-09-29 21:00:00+00:00,10124.192390410779
2025-09-30 21:00:00+00:00,10186.562790082151
2025-10-01 21:00:00+00:00,10224.112316414912
2025-10-02 21:00:00+00:00,10297.620287456171
2025-10-03 21:00:00+00:00,10377.492584994508
2025-10-04 21:00:00+00:00,10326.896189342733
2025-10-05 21:00:00+00:00,10054.184798942913
2025-10-06 21:00:00+00:00,9948.218762766555
2025-10-07 21:00:00+00:00,10295.066671034932
2025-10-08 21:00:00+00:00,10567.873155719682
2025-10-09 21:00:00+00:00,10412.661969654062
2025-10-10 21:00:00+00:00,10414.122780817033
2025-10-11 21:00:00+00:00,10474.381241289568
2025-10-12 21:00:00+00:00,10422.522445004111
2025-10-13 21:00:00+00:00,10346.195061738901
2025-10-14 21:00:00+00:00,10362.263984531577
2025-10-15 21:00:00+00:00,11062.357734385214
2025-10-16 21:00:00+00:00,10989.317176236686
2025-10-17 21:00:00+00:00,11108.738488809528
2025-10-18 21:00:00+00:00,11066.740167874123
2025-10-19 21:00:00+00:00,11102.16483857616
2025-10-20 21:00:00+00:00,10790.646858072692
2025-10-21 21:00:00+00:00,10591.611337117953
2025-10-22 21:00:00+00:00,10656.617433870144
2025-10-23 21:00:00+00:00,10501.406247804523
2025-10-26 21:00:00+00:00,10341.447425459248
2025-10-27 21:00:00+00:00,10533.158720022142
2025-10-28 21:00:00+00:00,10495.253516079087
2025-10-29 21:00:00+00:00,10290.41962554066
2025-10-30 21:00:00+00:00,10406.69337844807
2025-10-31 21:00:00+00:00,10471.224931481716
2025-11-02 21:00:00+00:00,10625.958047595543
2025-11-04 21:00:00+00:00,10542.530514944308
2025-11-05 21:00:00+00:00,10491.547022768555
2025-11-06 21:00:00+00:00,10583.174697517985
2025-11-07 21:00:00+00:00,10622.0362405051
2025-11-08 21:00:00+00:00,10623.462352174352
2025-11-09 21:00:00+00:00,10712.237803585278
2025-11-10 21:00:00+00:00,10735.768646127935
2025-11-11 21:00:00+00:00,10663.393478913402
2025-11-12 21:00:00+00:00,10663.393478913402
2025-11-13 21:00:00+00:00,10604.566372556765
2025-11-14 21:00:00+00:00,10594.940118789315
2025-11-15 21:00:00+00:00,10588.879144194994
2025-11-16 21:00:00+00:00,10506.164667378387
2025-11-17 21:00:00+00:00,10637.494276052785
2025-11-18 21:00:00+00:00,10448.556206353393
2025-11-19 21:00:00+00:00,10298.556341484713
2025-11-20 21:00:00+00:00,10258.752248963467
2025-11-23 21:00:00+00:00,10230.989730650328
2025-11-24 21:00:00+00:00,10255.407367238993
2025-11-25 21:00:00+00:00,10200.551306957608
2025-11-26 21:00:00+00:00,10018.92422931864
2025-11-27 21:00:00+00:00,10174.126741334261
2025-11-28 21:00:00+00:00,10164.426584333283
2025-11-29 21:00:00+00:00,10172.881027450423
2025-11-30 21:00:00+00:00,10173.882487043657
2025-12-01 21:00:00+00:00,10221.618727654371
2025-12-02 21:00:00+00:00,10252.330155180145
2025-12-03 21:00:00+00:00,10288.716520400902
2025-12-04 21:00:00+00:00,10106.450874432714
2025-12-07 21:00:00+00:00,10182.227983653922
2025-12-08 21:00:00+00:00,10134.157923178795
2025-12-09 21:00:00+00:00,10122.808047788834
2025-12-10 21:00:00+00:00,10107.452334025947
2025-12-11 21:00:00+00:00,10218.614348874677
2025-12-12 21:00:00+00:00,10188.236741213312
2025-12-13 21:00:00+00:00,10200.921896060914
2025-12-14 21:00:00+00:00,10177.888325416583
2025-12-15 21:00:00+00:00,10187.902921348903
2025-12-16 21:00:00+00:00,10230.631863993458
2025-12-17 21:00:00+00:00,10282.04012311269
2025-12-18 21:00:00+00:00,10351.808474774505
2025-12-19 21:00:00+00:00,10338.789500062492
2025-12-20 21:00:00+00:00,10350.13937545245
2025-12-21 21:00:00+00:00,10423.579745622783
2025-12-22 21:00:00+00:00,10325.77052535048
2025-12-23 21:00:00+00:00,10279.703384061817
2025-12-24 21:00:00+00:00,10338.789500062492
2025-12-25 21:00:00+00:00,10263.680030570107
2025-12-26 21:00:00+00:00,10259.67419219718
2025-12-27 21:00:00+00:00,10262.344751112465
2025-12-28 21:00:00+00:00,10357.483412469484
2025-12-29 21:00:00+00:00,10350.807015181274
2026-01-04 21:00:00+00:00,10388.19483999526
2026-01-05 21:00:00+00:00,10378.180244062942
2026-01-07 21:00:00+00:00,10414.232789419286
2026-01-08 21:00:00+00:00,10379.515523520584
2026-01-11 21:00:00+00:00,10375.509685147656
2026-01-12 21:00:00+00:00,10439.936918978901
2026-01-13 21:00:00+00:00,10394.871237283473
2026-01-14 21:00:00+00:00,10375.509685147656
2026-01-15 21:00:00+00:00,10296.728197146756
2026-01-16 21:00:00+00:00,10268.137780742221
2026-01-17 21:00:00+00:00,10287.905172911735
2026-01-18 21:00:00+00:00,10347.88898363301
2026-01-19 21:00:00+00:00,10361.862484994217
2026-01-20 21:00:00+00:00,10445.703493161456
2026-01-21 21:00:00+00:00,10436.501431289444
2026-01-22 21:00:00+00:00,10458.99536030992
2026-01-23 21:00:00+00:00,10438.88715103404
2026-01-24 21:00:00+00:00,10454.5647379271
2026-01-25 21:00:00+00:00,10332.55221384632
2026-01-26 21:00:00+00:00,10392.195207461227
2026-01-27 21:00:00+00:00,10346.525715207526
2026-01-28 21:00:00+00:00,10514.889365754747
2026-01-29 21:00:00+00:00,10416.052404907188
2026-01-30 21:00:00+00:00,10418.778941758155
2026-01-31 21:00:00+00:00,10441.954504991376
2026-02-01 21:00:00+00:00,10366.29310737704
2026-02-02 21:00:00+00:00,10317.142585329442
2026-02-03 21:00:00+00:00,10315.441904563884
2026-02-04 21:00:00+00:00,10397.414717463735
2026-02-05 21:00:00+00:00,10425.986154325092
2026-02-06 21:00:00+00:00,10387.210632870392
2026-02-07 21:00:00+00:00,10389.931722095283
2026-02-08 21:00:00+00:00,10385.169815951724
2026-02-09 21:00:00+00:00,10348.09497526258
2026-02-10 21:00:00+00:00,10250.816035472717
2026-02-11 21:00:00+00:00,10269.863660046956
2026-02-12 21:00:00+00:00,10155.918048754633
2026-02-15 21:00:00+00:00,10035.463544053546
2026-02-16 21:00:00+00:00,10028.041818602958
2026-02-17 21:00:00+00:00,10112.907635711836
2026-02-18 21:00:00+00:00,10104.517859115522
2026-02-19 21:00:00+00:00,10132.26865862641
2026-02-20 21:00:00+00:00,10125.492300606309
2026-02-21 21:00:00+00:00,10117.425207725239
2026-02-22 21:00:00+00:00,10137.431598070296
2026-02-23 21:00:00+00:00,10201.645657403627
2026-02-24 21:00:00+00:00,10246.176010107145
2026-02-25 21:00:00+00:00,10183.898053065272
2026-02-26 21:00:00+00:00,10184.866104210998
2026-02-27 21:00:00+00:00,10133.882077202625
2026-02-28 21:00:00+00:00,10164.537030150697
2026-03-01 21:00:00+00:00,10118.715942586208
2026-03-02 21:00:00+00:00,10026.074477175307
2026-03-03 21:00:00+00:00,10049.58332363037
2026-03-04 21:00:00+00:00,9934.293364302803
2026-03-05 21:00:00+00:00,9951.683469899699
2026-03-08 21:00:00+00:00,9882.123047512117
2026-03-09 21:00:00+00:00,9930.428896392383
2026-03-10 21:00:00+00:00,9921.089765608865
2026-03-11 21:00:00+00:00,9879.224696579302
2026-03-12 21:00:00+00:00,9870.85168277339
2026-03-13 21:00:00+00:00,9851.207304228748
2026-03-14 21:00:00+00:00,9839.29186150495
2026-03-15 21:00:00+00:00,9878.902657586767
2026-03-16 21:00:00+00:00,9772.951829042719
2026-03-17 21:00:00+00:00,9710.470749442311
2026-03-18 21:00:00+00:00,9718.347952633647
2026-03-19 21:00:00+00:00,9699.86682206936
2026-03-22 21:00:00+00:00,9600.189904763613
2026-03-23 21:00:00+00:00,9574.735499354063
2026-03-24 21:00:00+00:00,9579.270959656153
2026-03-25 21:00:00+00:00,9612.53100187147
2026-03-26 21:00:00+00:00,9674.21326197988
2026-03-27 21:00:00+00:00,9666.654161476397
2026-03-28 21:00:00+00:00,9643.674495945816
2026-03-29 21:00:00+00:00,9656.071420771523
2026-03-30 21:00:00+00:00,9663.932885295144
2026-03-31 21:00:00+00:00,9588.64424428047
2026-04-01 21:00:00+00:00,9601.948261166597
2026-04-02 21:00:00+00:00,9650.931232429157
2026-04-03 21:00:00+00:00,9636.720123482612
2026-04-04 21:00:00+00:00,9639.441399663865
2026-04-05 21:00:00+00:00,9520.007611708857
2026-04-06 21:00:00+00:00,9553.570017944316
2026-04-07 21:00:00+00:00,9472.858361274739
2026-04-08 21:00:00+00:00,9416.804190007335
2026-04-09 21:00:00+00:00,9410.279365838644
2026-04-10 21:00:00+00:00,9428.667506677686
2026-04-11 21:00:00+00:00,9420.659767925199
2026-04-12 21:00:00+00:00,9395.746802917463
2026-04-13 21:00:00+00:00,9371.131943028677
2026-04-14 21:00:00+00:00,9258.655612499246
2026-04-15 21:00:00+00:00,9187.939424914559
2026-04-16 21:00:00+00:00,9236.70828640141
2026-04-17 21:00:00+00:00,9247.831009196656
2026-04-18 21:00:00+00:00,9261.805712195812
2026-04-19 21:00:00+00:00,9277.491603317314
2026-04-20 21:00:00+00:00,9225.300365585772
2026-04-21 21:00:00+00:00,9311.715365764227
2026-04-22 21:00:00+00:00,9337.09798957902
2026-04-23 21:00:00+00:00,9274.354425093014
2026-04-24 21:00:00+00:00,9288.32912809217
2026-04-25 21:00:00+00:00,9268.365266664805
2026-04-26 21:00:00+00:00,9183.091058567912
2026-04-27 21:00:00+00:00,9088.414139898947
2026-04-28 21:00:00+00:00,9080.729178656185
2026-04-29 21:00:00+00:00,9088.698768093123
2026-04-30 21:00:00+00:00,9073.328845607599
2026-05-01 21:00:00+00:00,9066.782397141544
2026-05-02 21:00:00+00:00,9055.96652576284
2026-05-03 21:00:00+00:00,9032.342385646201
2026-05-04 21:00:00+00:00,9049.135449102607
2026-05-05 21:00:00+00:00,9086.137114345536
2026-05-06 21:00:00+00:00,9118.300100287466
2026-05-07 21:00:00+00:00,9072.190332830894
2026-05-10 21:00:00+00:00,8976.555259587632
2026-05-11 21:00:00+00:00,8885.474237451193
2026-05-12 21:00:00+00:00,8886.929446628603
2026-05-13 21:00:00+00:00,8844.643212884092
2026-05-14 21:00:00+00:00,8811.359854710994
2026-05-15 21:00:00+00:00,8827.455904975033
2026-05-16 21:00:00+00:00,8831.548121143858
2026-05-17 21:00:00+00:00,8872.743097243349
2026-05-18 21:00:00+00:00,8835.640337312681
2026-05-19 21:00:00+00:00,8818.725843814876
2026-05-20 21:00:00+00:00,8806.176380897152
2026-05-21 21:00:00+00:00,8765.549380309192
2026-05-22 21:00:00+00:00,8758.47037779377
2026-05-23 21:00:00+00:00,8761.465340396448
2026-05-24 21:00:00+00:00,8822.181400432548
2026-05-25 21:00:00+00:00,8831.16628824058
2026-05-26 21:00:00+00:00,8764.460302999127
2026-05-27 21:00:00+00:00,8769.905689549449
2026-05-28 21:00:00+00:00,8817.008283209741
2026-05-29 21:00:00+00:00,8800.127584903741
2026-05-30 21:00:00+00:00,8792.504043733288
2026-05-31 21:00:00+00:00,8751.119105950835
2026-06-01 21:00:00+00:00,8648.745838804769
2026-06-02 21:00:00+00:00,8709.234366919678
2026-06-03 21:00:00+00:00,8697.11464194484
2026-06-04 21:00:00+00:00,8677.453754763434
2026-06-05 21:00:00+00:00,8684.456262526674
2026-06-06 21:00:00+00:00,8698.191950831491
2026-06-07 21:00:00+00:00,8618.471093219214
2026-06-08 21:00:00+00:00,8614.86199092432
2026-06-09 21:00:00+00:00,8591.746127865415
2026-06-10 21:00:00+00:00,8610.02378702827
2026-06-11 21:00:00+00:00,8582.607298283987
2026-06-12 21:00:00+00:00,8581.263352757307
2026-06-13 21:00:00+00:00,8557.341122382393
2026-06-14 21:00:00+00:00,8487.639160851073
2026-06-15 21:00:00+00:00,8373.895382817485
2026-06-16 21:00:00+00:00,8315.654542352237
2026-06-17 21:00:00+00:00,8414.035524391677
2026-06-18 21:00:00+00:00,8480.84064747416
2026-06-21 21:00:00+00:00,8765.545293110841
2026-06-22 21:00:00+00:00,8627.759726753218
2026-06-23 21:00:00+00:00,8765.806250622882
2026-06-24 21:00:00+00:00,8730.05507147327
